GEOID,Probs
6111000100,35.50966383
6083001800,28.33974172
6037930301,13.40302774
6083002606,10.22421507
6083003102,9.846024215
6037920102,8.916803003
6037930200,7.824097283
6073021000,7.14734142
6073020903,6.968349507
6083002006,6.69842047
6083001901,6.473505507
6073021100,6.26017432
6111001206,6.184181676
6073018700,6.13393892
6111007300,6.040280101
6083002932,5.885248512
6037900102,5.468529792
6073021302,5.27222911
6083001906,5.153800682
6083001905,4.95482172
6037901209,4.69696679
6111005100,4.626004412
6037910811,4.536934994
6111001204,4.392391451
6059032041,4.354184973
6037800406,4.326932727
6111000200,3.92927587
6111000903,3.697591775
6083002809,3.577744834
6111000800,3.394625621
6111005600,3.316906787
6059032011,3.315180606
6037911001,3.309826793
6037930101,3.146441048
6059032023,3.085266622
6037920104,3.003141351
6083002502,2.946919672
6073020902,2.903991434
6111000302,2.767155353
6037920011,2.677454637
6111007614,2.676340218
6073020801,2.525010435
6037920326,2.419131135
6073019101,2.406509953
6059021924,2.380867538
6111000500,2.1151934
6037800410,1.996451569
6037900201,1.978556144
6111001001,1.953325009
6037800102,1.950933934
6037920303,1.76328147
6037910813,1.753010629
6111005305,1.694816493
6073016902,1.693882116
6037800326,1.654293304
6037910805,1.631639186
6073021202,1.624037528
6073020709,1.602600398
6037800506,1.602005743
6059062604,1.575530312
6111008500,1.55831589
6083001706,1.554874126
6111000902,1.549922891
6073020807,1.51106655
6037980019,1.496048771
6037800504,1.460623825
6111002905,1.448808787
6111000304,1.439578417
6073020904,1.383289576
6111000400,1.380843449
6037980003,1.369889999
6037920339,1.325622923
6073019001,1.309538298
6037920106,1.305137206
6059052426,1.294431911
6111007405,1.253702539
6059032056,1.215651353
6037800408,1.166610148
6111000303,1.157183428
6037900900,1.131684756
6037800202,1.094925614
6111004600,1.077214645
6037800330,1.049041025
6073021304,1.019968145
6111008402,1.010830941
6073019107,1.003048589
6111007511,0.971339463
6111004715,0.920498807
6037800329,0.899827216
6073021303,0.873609233
6083002907,0.859621421
6037910002,0.83995984
6037920012,0.837610693
6083000103,0.822950581
6059021815,0.816201292
6073019106,0.786878928
6111008305,0.784090608
6059062643,0.783926856
6059052420,0.776017866
6111002800,0.752227228
6111007613,0.740149093
6037910001,0.739115778
6073009504,0.679211953
6073020811,0.670507662
6111007506,0.621813438
6073020103,0.60361069
6037910804,0.602410512
6073019103,0.588600255
6083002808,0.584800653
6073020810,0.581118428
6083003007,0.572985555
6037920043,0.563754589
6111004704,0.559465183
6073016901,0.55640579
6073010015,0.539501177
6111007512,0.533157649
6111002500,0.525546095
6037900104,0.524796581
6073021204,0.519659281
6073017021,0.517309539
6111001700,0.515491068
6059021912,0.510783008
6111005906,0.506642128
6059062632,0.488084105
6073017110,0.464310204
6111001900,0.462629285
6083001500,0.462466125
6037400205,0.45956415
6111007402,0.45693775
6037920107,0.455760727
6037920200,0.454350484
6073018803,0.450457329
6037901213,0.444956591
6037910810,0.44301165
6083002306,0.430096551
6037920312,0.425492785
6073021206,0.425222421
6073017020,0.418677656
6037106603,0.414138519
6073019105,0.408931067
6037900300,0.404363004
6111006100,0.400228123
6111005202,0.399164969
6059052404,0.397288378
6111006301,0.396433859
6073015501,0.391583317
6111007507,0.391526872
6037910101,0.389039839
6083001903,0.388340147
6111007700,0.381907199
6059032044,0.377443222
6111007606,0.36817422
6073009400,0.366075964
6073018802,0.364156943
6073020710,0.362563328
6037670326,0.362182587
6073015502,0.358948364
6111007510,0.356222383
6037910206,0.355205573
6059042103,0.341451853
6073020809,0.341131461
6073017030,0.3410519
6073016802,0.335793819
6083000501,0.332410266
6111001002,0.330519366
6083000700,0.330184095
6059099502,0.327819796
6037430301,0.32675542
6037670602,0.32637705
6111000901,0.324600026
6037800203,0.322989303
6111005205,0.322243571
6037262400,0.317052498
6037980026,0.315491559
6037800328,0.313309913
6111006400,0.313184041
6037262301,0.312078437
6073019002,0.310249321
6059021923,0.310083967
6059032043,0.309263425
6037403325,0.305783524
6111005802,0.30439605
6037400404,0.30098883
6111007202,0.299057756
6037920116,0.29770065
6059032061,0.297315429
6037300701,0.289776465
6037910812,0.284700872
6037800101,0.283898964
6059062633,0.271670223
6111001800,0.268288098
6083002011,0.267308079
6111001201,0.265694625
6059062621,0.263692843
6111007514,0.260177797
6037262604,0.259631029
6111001102,0.255884449
6073017106,0.250635513
6037102107,0.248230109
6073019208,0.245292289
6059052422,0.245213731
6111006200,0.243890656
6073010014,0.240185823
6037920026,0.23896913
6037900103,0.238788219
6037901205,0.236857603
6111007509,0.236130467
6111004902,0.23194002
6037113211,0.231812389
6037670328,0.231155473
6073017029,0.230123974
6037400403,0.228186195
6037408703,0.227879407
6037310100,0.227062678
6059042315,0.22432227
6083001306,0.221060194
6059062702,0.221055987
6059032049,0.219056577
6083002402,0.215399571
6073020306,0.214791287
6073018611,0.214064094
6059062620,0.211508127
6111005911,0.211264997
6037920031,0.210903007
6037901210,0.210363761
6083002922,0.209881533
6037108202,0.20946609
6037261102,0.209408553
6037103200,0.209093798
6073017010,0.206156733
6059042203,0.205980776
6111007607,0.205641333
6111005002,0.205230751
6037910809,0.201567329
6037800204,0.201475527
6037262200,0.19969008
6059032058,0.199317043
6059042333,0.198778117
6111004305,0.197635379
6083002604,0.197515269
6037920032,0.196075742
6111002000,0.195269518
6059021822,0.195066787
6037920119,0.194593008
6111005004,0.193674416
6037980009,0.19085615
6059042325,0.190749494
6037403324,0.188445927
6059032046,0.187142037
6037261200,0.184797033
6111005801,0.184669011
6111002400,0.184019986
6037910205,0.181548664
6059032022,0.179043749
6037920020,0.178865795
6037104124,0.178671497
6037910808,0.177895377
6037139702,0.177726115
6037430003,0.174758584
6037106510,0.172161524
6073019207,0.171498307
6037262100,0.171384084
6111001402,0.169562962
6037300702,0.169010739
6059052427,0.165463819
6073020307,0.164155665
6059042323,0.163908285
6037980004,0.163844928
6037261101,0.162711239
6111002300,0.159412903
6037400501,0.159151308
6037670416,0.15759681
6111005901,0.155569322
6111007903,0.155499143
6037500100,0.155392279
6059042324,0.154702873
6059052428,0.154221581
6037106111,0.153516196
6059042312,0.152121743
6111007201,0.150666295
6037920042,0.150125426
6059042112,0.149906792
6059042332,0.149884611
6073013410,0.149039737
6037920338,0.148055537
6059052423,0.146573191
6059042205,0.14611812
6037980020,0.145013406
6059021827,0.143987452
6037501600,0.142632007
6073013314,0.141670141
6073009901,0.141269038
6037670500,0.141216464
6111001301,0.141041359
6037139802,0.141002561
6037910706,0.140477484
6111005700,0.138755024
6111001302,0.137938484
6111002600,0.137786768
6073008312,0.1360288
6073020805,0.135514559
6059032053,0.135358288
6037460501,0.135165586
6111005303,0.133939521
6037920314,0.133182121
6059042111,0.132529198
6059032057,0.132092822
6037103300,0.131392181
6111005910,0.131321024
6037920330,0.131285146
6073020806,0.13031613
6059099415,0.130192543
6111005907,0.129486011
6073020706,0.129366268
6073009505,0.129311806
6037980023,0.129085888
6037106112,0.129002582
6037121102,0.128625131
6059062619,0.127788284
6037670324,0.127154488
6037113237,0.126770645
6059062649,0.126650437
6111006000,0.126418465
6037980021,0.125124489
6059062645,0.124761871
6059042319,0.124721488
6083002211,0.12447176
6111002200,0.124222754
6037262601,0.123884787
6073020027,0.123443071
6037460700,0.12264663
6059062634,0.122626294
6059042320,0.121490025
6059042311,0.121134701
6059042201,0.120828858
6037800327,0.120589894
6111002901,0.120455799
6073013313,0.11973005
6083002013,0.119665216
6059062622,0.119438501
6111001202,0.118439771
6037920118,0.118133171
6111001101,0.11787764
6037400204,0.117397851
6059042328,0.116877154
6037910709,0.116490128
6111005204,0.115826759
6037500202,0.114773192
6083002928,0.114461269
6111007406,0.114342317
6111005003,0.113831638
6059062610,0.113778568
6037920114,0.113031779
6111008304,0.112830084
6037300901,0.112023739
6059032045,0.112004001
6037920108,0.111644423
6059032039,0.111593738
6073021205,0.110850857
6111001506,0.110648126
6083002915,0.110256629
6037920334,0.110243073
6037101400,0.109685252
6111006600,0.108682917
6059032013,0.108483395
6059075604,0.108219464
6037401304,0.107045762
6037104204,0.106807904
6037460100,0.106770694
6037300301,0.106632661
6059032042,0.106577005
6037500201,0.106012744
6037460401,0.105910464
6059052425,0.104831795
6059032059,0.104622584
6083980000,0.104049131
6111006800,0.103918267
6111001502,0.103878457
6037143901,0.10362073
6059042327,0.101762672
6083002005,0.101434621
6059032015,0.100898185
6037106010,0.100528585
6059099308,0.100185271
6037403321,0.09988388
6059021825,0.099487595
6037262802,0.099376788
6037400603,0.099294806
6037300800,0.099277937
6059042337,0.099196254
6059042307,0.098961217
6037108201,0.098854056
6111007100,0.097303418
6037920328,0.096127784
6037670702,0.095441315
6111003609,0.094627024
6037400207,0.094503442
6037408503,0.094451389
6037460301,0.094275096
6059021828,0.09388957
6059032012,0.093872137
6111006900,0.093015058
6059042317,0.092981419
6073017049,0.092925662
6059021920,0.092796184
6059032038,0.092712796
6037278102,0.092511505
6037800332,0.092252169
6073020304,0.091868545
6111008401,0.091644855
6059099603,0.091466095
6037920034,0.091272205
6111005304,0.090732622
6073020401,0.090165864
6083002930,0.090082585
6059032003,0.089949782
6059062644,0.088811689
6037920313,0.088770703
6059032037,0.088078656
6059062641,0.087820919
6059042329,0.087240873
6059032002,0.087188463
6059021917,0.086958418
6037920015,0.086421749
6059042109,0.086116998
6037700600,0.08611674
6073018801,0.086062685
6059042305,0.085866989
6083001704,0.085084677
6037300100,0.084881207
6059032028,0.084564112
6111005203,0.084120638
6037135203,0.084086004
6037920115,0.083859383
6037460800,0.083614519
6037139703,0.083420485
6111001503,0.082991658
6059062614,0.082750391
6059052418,0.082505194
6037106643,0.081726295
6059052410,0.081720197
6037460600,0.081542747
6083001402,0.081287557
6037670413,0.080395635
6037980024,0.080189832
6037106020,0.079935543
6111007612,0.07944611
6111002102,0.079286604
6037262706,0.0791515
6059042336,0.079092503
6111005306,0.078857984
6073019806,0.078604592
6073021600,0.078596449
6059052518,0.078586191
6059042331,0.07792956
6111006700,0.077327121
6037401303,0.076787515
6111007513,0.076644475
6111000600,0.076506341
6059075605,0.075470395
6059052408,0.075395434
6037320100,0.075185171
6073008339,0.074125086
6059062630,0.073924447
6037137504,0.073764693
6059032030,0.073747449
6111001507,0.073630216
6059063603,0.073580888
6037113231,0.073442328
6059032032,0.072580931
6083001304,0.072210272
6037400402,0.072139158
6059062647,0.072053777
6083000804,0.071884357
6111008201,0.071300968
6059021921,0.071126223
6111007610,0.071027735
6037300902,0.070656598
6059032027,0.07056437
6111007403,0.070546291
6059052517,0.070031576
6059052411,0.069914203
6059032014,0.069836985
6059062639,0.069795693
6111002700,0.069652761
6073022100,0.069329649
6059075515,0.069306849
6037910807,0.069107603
6111007508,0.068739455
6059042335,0.068496777
6037141600,0.068478203
6037138000,0.068045574
6059032020,0.067895804
6059032036,0.067893875
6037980022,0.067444458
6111004400,0.067304449
6037800324,0.066937058
6037181000,0.066787221
6037800325,0.066252807
6059062648,0.065897058
6037262302,0.065553039
6111007611,0.06527836
6037106406,0.06432778
6037400604,0.064308215
6059062637,0.064062727
6037320202,0.063895064
6059042326,0.063777274
6037262704,0.063759428
6111004716,0.063102023
6111006302,0.062944439
6111007505,0.062642176
6037920109,0.062207204
6111006500,0.062167665
6037134424,0.062090924
6073016612,0.062003538
6037460000,0.061791022
6073010109,0.061681672
6037108102,0.061109784
6059052424,0.061025822
6037460200,0.061005774
6037402404,0.060877077
6111007000,0.060744269
6037920332,0.060703087
6083002802,0.060364921
6073015406,0.060207912
6037141700,0.060200105
6037920329,0.059160744
6083002906,0.059131668
6037194102,0.059065796
6059062625,0.058948271
6037408211,0.058920802
6037404600,0.058882548
6059032029,0.058694783
6059052415,0.058645231
6073010200,0.058182897
6037106113,0.05808829
6059062640,0.058063159
6037297500,0.05757306
6111000701,0.057532581
6037403304,0.057128072
6037701304,0.057113555
6037920033,0.056943436
6059021814,0.056826869
6037408627,0.056726355
6059075606,0.056560257
6059021826,0.056473754
6073018903,0.056263504
6037297400,0.056209211
6037143700,0.056056517
6037141500,0.055915481
6059042330,0.055222175
6037262303,0.055118332
6059042113,0.054740852
6037189701,0.054649064
6037403318,0.054612417
6059032050,0.054579977
6073008324,0.054350564
6111001602,0.054217665
6037920013,0.054200008
6059042334,0.054050976
6037403320,0.053957282
6111001401,0.053878887
6083000101,0.053852521
6059042338,0.053474607
6037108103,0.053365386
6037408402,0.053162541
6073021500,0.052992107
6083000600,0.05284571
6037262501,0.052679734
6037403312,0.05265545
6059052416,0.052599424
6059063004,0.052349972
6059062638,0.052122226
6059032031,0.052086149
6037101122,0.051955872
6037300600,0.05175819
6059062605,0.051729142
6059063007,0.051408581
6037500300,0.051226986
6083003001,0.051219809
6037910202,0.051146534
6059062646,0.051112865
6037701100,0.051059377
6037113235,0.050814628
6037980031,0.050784038
6073017019,0.050585328
6111008302,0.050125274
6037670201,0.049983715
6037980033,0.049844577
6059021905,0.049772993
6037403500,0.049201505
6111007901,0.048947687
6059032034,0.048867494
6111007800,0.048862809
6059063400,0.048469019
6037403405,0.048447028
6037400206,0.048331071
6111005908,0.048144226
6059001506,0.047991833
6037143902,0.047989216
6037402402,0.047722589
6059062636,0.047450861
6083002007,0.047102603
6059021918,0.045557899
6059099417,0.045448402
6059021922,0.045368377
6037101300,0.044969347
6037401800,0.044877777
6073016809,0.044735556
6037194200,0.044695599
6111007904,0.044693306
6111003605,0.04451972
6073009805,0.044464833
6111001601,0.044386092
6037408626,0.044362101
6073015405,0.044274769
6037408628,0.044016389
6111008306,0.04400725
6073020013,0.043972181
6037103400,0.043641978
6037403322,0.043551729
6059062635,0.043539104
6037104201,0.043454919
6083001601,0.043350937
6111005502,0.043320526
6073008333,0.043017321
6037460502,0.042869807
6037194101,0.042855064
6073016402,0.042705037
6037103101,0.042692096
6037403317,0.042472681
6059099514,0.042228874
6073013506,0.042133589
6059001601,0.041941163
6083002012,0.041507744
6059042106,0.041505004
6111005404,0.041058782
6073015602,0.041021859
6037106114,0.040962634
6073008350,0.040941483
6037104310,0.04087591
6037408625,0.040850564
6037403600,0.040703284
6083002909,0.040134211
6059063500,0.040080666
6059032040,0.040057122
6059063010,0.039876517
6037670701,0.039444313
6073016609,0.039177316
6073018601,0.039081536
6037300400,0.038976883
6037194300,0.038771269
6037430200,0.038384205
6111005401,0.038130959
6037264000,0.037888631
6037139801,0.037668479
6059001706,0.037567533
6037700700,0.037473486
6037104103,0.037192511
6037300200,0.03714267
6073017032,0.037081413
6059042310,0.03702808
6059032048,0.037026151
6083003005,0.036979316
6037920040,0.036973852
6059062642,0.036761441
6073013604,0.036743317
6083002924,0.036627545
6073020708,0.036398459
6073017033,0.036278076
6059021919,0.036184469
6111005503,0.036172204
6059001707,0.03589696
6037403316,0.035832635
6037402200,0.035758001
6111008002,0.035688079
6073016807,0.03561179
6037910401,0.035607873
6037143800,0.035559826
6059062800,0.035524735
6037461100,0.035492549
6111007609,0.035488918
6111005504,0.035208026
6073020020,0.035141881
6037137302,0.03513318
6059032035,0.034948177
6059062628,0.034823327
6037670405,0.034779167
6037670411,0.034656041
6037461000,0.034584604
6059063008,0.034458475
6037139701,0.034388305
6073019903,0.03433844
6037297300,0.034200122
6083000502,0.034172029
6111008101,0.034165927
6059062612,0.034096782
6083000102,0.033866682
6037461200,0.033693192
6037800331,0.033666374
6083002008,0.033601558
6111005909,0.033450611
6037670202,0.033442824
6059021916,0.033440032
6059110015,0.033400676
6037980015,0.033383283
6073017015,0.033343667
6073016804,0.033271292
6037400800,0.033235412
6037670403,0.033234191
6111008202,0.033096774
6083000200,0.033072197
6037403323,0.033064239
6059032054,0.032709967
6037139301,0.032685248
6037106645,0.032677148
6059052525,0.032649648
6037403305,0.032582923
6037433802,0.032512369
6059062631,0.032476552
6037106403,0.032433563
6037408629,0.032425717
6059099506,0.032367333
6037406300,0.032364387
6037901004,0.032226166
6037900504,0.032057626
6037300502,0.032028396
6037320300,0.031754232
6037910201,0.031727409
6059052421,0.031668751
6037702901,0.031611273
6111000702,0.031308911
6037920016,0.031196368
6073017501,0.030988445
6059021830,0.030983493
6037137104,0.030478924
6073008328,0.030445643
6037501501,0.030398384
6059021813,0.030103689
6083002009,0.030054318
6037403403,0.030010556
6059021915,0.029995577
6083002010,0.029988639
6059075809,0.02996088
6083002926,0.029956416
6037403303,0.029927731
6037137501,0.029885142
6037137402,0.029818555
6059001704,0.029686835
6059011000,0.029683237
6037320201,0.029635011
6037300501,0.029627578
6037106642,0.029616966
6037137000,0.029446282
6037408722,0.02940274
6059042114,0.029399115
6037980007,0.029225176
6083002703,0.02908256
6059099906,0.029061901
6073008366,0.02901983
6037113213,0.028978313
6083002210,0.028693022
6037430501,0.028559645
6037403000,0.028516059
6111003612,0.028455845
6037401311,0.028330229
6059042206,0.028290389
6037104203,0.028065515
6037402403,0.027920655
6037408202,0.027834486
6037651302,0.027795103
6073009507,0.027740836
6059042313,0.027713433
6083002913,0.027703921
6059011602,0.027562246
6037577603,0.027446855
6037297000,0.027399457
6073017601,0.027310283
6059032047,0.027263497
6037670406,0.027206234
6037403200,0.027122738
6037920030,0.027118042
6037139402,0.027114972
6037134905,0.027014481
6059021816,0.026956206
6059099513,0.026950328
6073008346,0.02682413
6073008327,0.026794078
6037408212,0.026770685
6059001503,0.02647514
6037670407,0.026424943
6059032055,0.026410419
6059011714,0.026224716
6083001203,0.026214554
6037980028,0.026202288
6037106604,0.026098544
6037621104,0.025910648
6073016811,0.025673913
6059021913,0.025603769
6073017109,0.025577171
6073020014,0.025547974
6037139600,0.025459742
6059001602,0.025457137
6111008004,0.025406173
6037265100,0.025399279
6059099504,0.025144886
6083001208,0.025134346
6037408705,0.025105882
6037137502,0.02507105
6037920331,0.025030787
6037460302,0.024937603
6059021829,0.024873874
6037137401,0.024826456
6073017306,0.024701993
6059001708,0.024509896
6037920322,0.024418866
6059052524,0.024340616
6059021914,0.024276217
6037403407,0.024201935
6073017053,0.023983719
6059001501,0.023934397
6083003004,0.023923384
6059052514,0.023901373
6083000900,0.023691613
6073017200,0.023677758
6037920035,0.023619157
6037189300,0.023586458
6037310900,0.023459652
6073018906,0.023343421
6037189702,0.023290357
6073010601,0.023228888
6037920028,0.022991798
6073016605,0.022958031
6073018612,0.022865818
6059001505,0.022853516
6083000400,0.022826504
6059062611,0.022740925
6073017054,0.022689508
6083002806,0.022633902
6083002914,0.022597437
6037920336,0.022596841
6073016607,0.022579173
6037651101,0.022570165
6059052419,0.022493262
6059099408,0.022473581
6073019303,0.022453157
6073017009,0.022439994
6073018608,0.022330569
6037265301,0.022293198
6073008335,0.022269464
6037408005,0.022260111
6059052527,0.022238456
6059099240,0.022233295
6037920337,0.022176558
6059110604,0.022142192
6037980030,0.022091313
6073007600,0.022086747
6037106520,0.022055388
6059099407,0.021989442
6073018513,0.02195068
6059099220,0.021925617
6111004717,0.0219055
6059021824,0.021891479
6037104108,0.021838589
6083002708,0.021825729
6083001604,0.021795769
6037920041,0.021793221
6037106641,0.021771371
6059075607,0.021740079
6059001504,0.021716821
6037401001,0.021657663
6059021802,0.021615036
6037430400,0.021563246
6037103102,0.021510341
6037400900,0.021390778
6037109100,0.021270112
6073020022,0.021231133
6073017042,0.021216624
6037574400,0.021197618
6059021903,0.021189095
6059076204,0.021162153
6037401202,0.021118767
6073017808,0.02097912
6059110500,0.020856338
6037295103,0.020819659
6073017305,0.020787593
6111003100,0.020722758
6037920029,0.02062676
6037463800,0.020546101
6059063302,0.020538508
6059099508,0.020528769
6073020705,0.02051687
6037400304,0.020412802
6059032051,0.020387466
6111009100,0.020381865
6059001507,0.020303159
6059063009,0.020277467
6037401002,0.020276227
6037134422,0.020202828
6073013606,0.020202652
6037401500,0.020179871
6037141400,0.020117636
6037408624,0.020059549
6037137201,0.020003771
6037101110,0.019905467
6037910707,0.019889836
6037401902,0.019878345
6059021807,0.019870607
6037503602,0.019717555
6083001206,0.019698168
6037910302,0.019664146
6073019602,0.019627546
6111008303,0.019626767
6037430002,0.019561767
6037621004,0.019537353
6073013310,0.019481562
6037503902,0.019470682
6059062629,0.019384971
6059021823,0.019380801
6037301400,0.019344741
6059021812,0.019340207
6059062900,0.019302419
6037104320,0.019256823
6073018603,0.019209806
6111004901,0.019135164
6037430600,0.019069069
6073017404,0.01897952
6073020405,0.01893366
6037310201,0.018904018
6037980018,0.018892366
6073009902,0.0188887
6059075703,0.018857685
6037401312,0.018701471
6037108101,0.018661108
6037134421,0.01865726
6083002702,0.018654659
6059063907,0.01857545
6059099229,0.018543683
6059042108,0.018521088
6059063803,0.018513717
6073017039,0.018490713
6037901101,0.018469914
6037401101,0.018448634
6037113232,0.018393187
6037543305,0.018392301
6037311700,0.018380166
6073009704,0.01833224
6059062701,0.018272033
6037310300,0.018216284
6073016810,0.018118352
6059063807,0.018048307
6037980006,0.017994915
6037115101,0.017922766
6059011300,0.017866362
6059032033,0.017822225
6059063904,0.017676503
6037104105,0.017628803
6059075814,0.01762212
6037189400,0.01761643
6037651222,0.017572214
6073010103,0.017522466
6037310800,0.017520434
6059052513,0.017509103
6037128400,0.017483132
6037980014,0.017449609
6037310601,0.017407924
6073018300,0.017315799
6037111201,0.017309932
6037408706,0.017277221
6083001000,0.017226426
6037301000,0.017164685
6037108104,0.017124639
6037431100,0.017120273
6059052520,0.017091553
6059042107,0.017059182
6073016201,0.017013174
6037651304,0.016978823
6037574500,0.016947673
6073017813,0.016923274
6059011200,0.016914186
6059011707,0.016908452
6037403319,0.016855601
6111005403,0.01682555
6037106646,0.016753534
6037269000,0.016743499
6037400602,0.016720235
6037464100,0.016651174
6037301601,0.016507458
6059110113,0.016483896
6037920045,0.016454475
6037577604,0.016415021
6083002707,0.016310784
6037430721,0.016296161
6037297202,0.016246801
6059001404,0.016234813
6037460900,0.016075628
6037181300,0.016056528
6037135202,0.016028069
6037310501,0.016011171
6059086303,0.015981157
6037502700,0.015970204
6037310400,0.015946504
6037576001,0.015917195
6037503703,0.015837956
6037185100,0.015824433
6037310202,0.015736244
6037703001,0.015641979
6073017050,0.01561782
6073012600,0.015601812
6037137301,0.01559448
6073016608,0.015580901
6059075603,0.015578896
6059099413,0.015554032
6037265420,0.01552055
6037401201,0.015505362
6037574300,0.01548567
6037311600,0.01547697
6037113303,0.015391876
6073018904,0.015375637
6059011709,0.015367981
6073013605,0.015359685
6037310602,0.015354551
6037910705,0.015348962
6111004710,0.015337759
6059075813,0.015326391
6059052523,0.015314561
6037135102,0.015180003
6037408704,0.015126785
6073008511,0.015065579
6073019601,0.015062858
6073018905,0.014967881
6059099309,0.014947893
6037920110,0.014943477
6083002706,0.014943326
6037701000,0.014937703
6059110605,0.014915457
6037430502,0.014899813
6037651201,0.014879368
6037701402,0.014866816
6059110007,0.014866134
6037106405,0.014842522
6037111204,0.014822468
6037408504,0.014765213
6073017801,0.014747336
6059099239,0.014730697
6037402902,0.014700545
6083002103,0.01469921
6037577501,0.014639048
6059052417,0.014629866
6073020015,0.014604023
6073013505,0.014584456
6059063006,0.014501175
6059099225,0.014486339
6059075810,0.014467634
6037910207,0.014404867
6059011401,0.014397096
6059099510,0.014360783
6037577602,0.014322008
6037236000,0.014283618
6037296300,0.014159615
6037402102,0.014154308
6037900605,0.014116201
6037430101,0.014040112
6037403408,0.014010179
6083002303,0.013985054
6111003012,0.013977442
6037408302,0.013975528
6037135201,0.013953892
6073019203,0.013942049
6059052502,0.013941582
6083000801,0.013928515
6083002305,0.013896166
6073016614,0.013885261
6037401601,0.013883409
6037296402,0.013869395
6059099905,0.0138593
6037573601,0.013855154
6037296901,0.013846829
6059074106,0.01383483
6059063902,0.01382211
6037113102,0.013777356
6037554521,0.013734195
6059063101,0.013727184
6037403404,0.013588259
6037134423,0.013586646
6073017045,0.013527941
6037651402,0.01351929
6037269300,0.013492649
6073016701,0.01347984
6037430701,0.013477341
6037128910,0.013476588
6111008001,0.013395518
6037111206,0.013386612
6073011300,0.01335004
6059074403,0.013321563
6037274202,0.013303009
6073017401,0.013270662
6037189600,0.013260241
6037920017,0.013258365
6037109500,0.013240129
6073016702,0.013215938
6037265700,0.013207162
6073017810,0.013201067
6037297601,0.013121519
6059052511,0.013115191
6073020016,0.013111874
6037296401,0.013104661
6037910301,0.013098327
6037430302,0.013029521
6073018504,0.01301564
6073017037,0.013000582
6073017900,0.012976175
6037464000,0.012974158
6111004304,0.012931367
6037401901,0.012906154
6037141302,0.012870046
6073021900,0.012839312
6059063604,0.012823581
6037199300,0.012789532
6037139001,0.012776405
6037189202,0.012771125
6037621002,0.012768464
6059063601,0.012725211
6059062627,0.012711324
6073017047,0.012676952
6037122000,0.012669657
6059011715,0.012541464
6037134303,0.012539145
6037133100,0.012509479
6037403703,0.012507641
6059063005,0.012491649
6037320000,0.012480043
6037500403,0.01242487
6037189800,0.012379605
6037401701,0.012368034
6037408006,0.01230185
6073007200,0.012277088
6037900705,0.01225544
6073018610,0.012254671
6111008005,0.012243523
6037900508,0.012195969
6037101220,0.012191182
6037900507,0.012182258
6037901102,0.012180418
6073017048,0.012170895
6037504102,0.012137474
6083002705,0.012094517
6073010009,0.012062905
6059063605,0.012061221
6037900704,0.012056187
6037267901,0.012053307
6037265410,0.012000794
6037408505,0.011992282
6073017303,0.011954385
6037702300,0.011940496
6059074003,0.011938336
6037901007,0.011927388
6037273100,0.011897003
6073020403,0.01187869
6073016615,0.011864848
6037700801,0.011838664
6083002205,0.011808477
6073010104,0.011771558
6037401704,0.011741391
6037139200,0.011731628
6037920039,0.011712138
6059052519,0.011702825
6037401102,0.01169896
6111003608,0.011685126
6037980002,0.011650703
6037920036,0.011636976
6083002209,0.011628326
6059110603,0.011600376
6037431001,0.011592152
6059099402,0.011551898
6073017811,0.011547713
6037920037,0.011527053
6037273902,0.011490717
6037702102,0.011473971
6059076202,0.011459275
6073017304,0.011408133
6037408623,0.011406767
6073016610,0.011375315
6037408800,0.011372739
6037503401,0.011355886
6059063806,0.011342288
6073020602,0.011331771
6073008329,0.011316905
6037574000,0.011310914
6037134302,0.011307276
6037264302,0.011276725
6073013903,0.011267541
6059099509,0.011260245
6037132900,0.011257681
6037101210,0.011244307
6073020404,0.011240269
6037267100,0.011209679
6059001301,0.011201777
6059099601,0.011199091
6083000302,0.011184656
6059110012,0.011174084
6073013601,0.011171679
6037920023,0.01115528
6059076208,0.011153595
6059980000,0.011153231
6059099902,0.011121046
6073018515,0.011120793
6073016202,0.011109942
6037310702,0.011061484
6037106649,0.011052204
6037181500,0.011051694
6059042339,0.010999061
6059021821,0.010956565
6037920112,0.010945204
6037107010,0.010938076
6059110008,0.010921448
6059052526,0.010916098
6037181400,0.010914017
6037401602,0.010881134
6059076201,0.010879712
6037275602,0.010865514
6073017403,0.010861829
6059099416,0.010849411
6073019904,0.010843382
6037297602,0.010843325
6073016606,0.010774091
6059063102,0.010738339
6073017056,0.010671957
6037139502,0.010660481
6037402002,0.01065335
6059021817,0.010639239
6073019803,0.010596002
6073017701,0.01059516
6073018507,0.010584185
6037121222,0.010559231
6083001101,0.010525424
6037406200,0.010521435
6111003300,0.010509711
6037408723,0.01049209
6059110108,0.010467538
6037402502,0.010430606
6059099244,0.01039704
6037401603,0.010392387
6073003207,0.010367378
6037107020,0.010365505
6059088101,0.010295585
6037501700,0.010262814
6059063301,0.010260021
6037109601,0.010243836
6059001801,0.010184926
6037190100,0.010159833
6037503702,0.010157801
6059011717,0.010152718
6037703002,0.010142198
6059099243,0.010137365
6037109200,0.01013374
6073017034,0.010116398
6037406102,0.010072587
6037113212,0.010055492
6037621204,0.010046653
6059011504,0.010022307
6059001101,0.010015945
6059021820,0.009991217
6037980008,0.009983277
6073019902,0.009981976
6037403406,0.009980234
6037701201,0.009924424
6037403401,0.009914432
6037480702,0.009830347
6037128802,0.009816761
6037920111,0.009815012
6037920018,0.00978982
6037480600,0.00976694
6111003900,0.009733336
6037431002,0.009665839
6037901003,0.009646882
6037532400,0.009636988
6037186302,0.009624424
6037574100,0.009584483
6037277000,0.009568865
6073017044,0.009565386
6073017035,0.009555233
6059099305,0.009550026
6059099602,0.009543552
6111008700,0.009535142
6059063905,0.009516198
6073018514,0.009513094
6037920038,0.009501942
6059099216,0.009477965
6037402301,0.009475741
6073013419,0.009417605
6037910210,0.009405592
6037503402,0.00939607
6037461700,0.009395591
6037139401,0.009373224
6037111301,0.009372416
6059076101,0.009362201
6037128702,0.009354507
6037106407,0.009283204
6059001705,0.009272913
6073013504,0.009272836
6037543306,0.009260586
6037980001,0.009255288
6037571200,0.009253572
6073017006,0.009249465
6037530003,0.009229354
6037135114,0.009222529
6059110401,0.009192183
6037910404,0.009187966
6059099307,0.009186562
6037403402,0.00917125
6059099215,0.0091639
6037276601,0.009143978
6073016401,0.009138895
6073019301,0.009133588
6059063702,0.00913106
6037137103,0.009107725
6037621400,0.009107258
6037117302,0.00908202
6059099237,0.009058607
6037980010,0.009049147
6059099238,0.009034117
6059011403,0.008995474
6059087602,0.008987458
6073013503,0.008979203
6073017051,0.00895519
6073015601,0.008945749
6073020105,0.008942815
6059001401,0.008931416
6037554522,0.008916729
6059052515,0.008910407
6037402001,0.00890893
6073019905,0.008907744
6037106408,0.008903931
6059075806,0.008865961
6059099306,0.008858716
6059088302,0.008850951
6073017041,0.008850149
6059110302,0.008842736
6059099246,0.008831129
6073020707,0.008830937
6037502802,0.008823966
6073017604,0.008753782
6111008800,0.008750637
6037910209,0.00874448
6073016616,0.008743724
6037111202,0.008742388
6037502902,0.008738366
6037480500,0.0087308
6073009509,0.008706645
6037271300,0.008706404
6037577100,0.00869632
6037188100,0.008689315
6037543321,0.008670578
6037121210,0.008655013
6073019808,0.008650842
6073020026,0.008649047
6073019804,0.008645602
6059099245,0.008633763
6037113101,0.008594724
6073017046,0.00859414
6037113301,0.008593975
6037264102,0.008571456
6037297201,0.00855065
6073017022,0.008531753
6037181600,0.008526409
6037143400,0.008520197
6059099231,0.008514665
6073013411,0.008502773
6037296500,0.008471471
6059076206,0.008464024
6037701801,0.008446443
6059099511,0.008427449
6037570800,0.008417112
6059075902,0.008406425
6059099217,0.008395186
6111003013,0.008382106
6073017040,0.008369137
6037273700,0.008335181
6037111400,0.008327439
6059075506,0.008324554
6037273200,0.008293919
6037703100,0.008288154
6037503802,0.008282584
6059063802,0.008278506
6037310701,0.008263753
6059021809,0.008240835
6037187102,0.008234525
6037402406,0.008221439
6037117202,0.008220912
6037310703,0.008166007
6037106648,0.008144648
6059076000,0.00813312
6083001102,0.008123834
6059099604,0.008115765
6059099232,0.008095025
6037574601,0.008088404
6037265520,0.008086951
6073017052,0.00806882
6037273402,0.008065776
6073010300,0.008018514
6037503801,0.008016054
6037702600,0.007997368
6037121010,0.007983407
6059110402,0.007970346
6037190700,0.00795588
6073020023,0.007949369
6073018000,0.007940506
6059110607,0.007925256
6037115202,0.007922852
6037191000,0.007904258
6073019205,0.007903673
6037301602,0.00789181
6037910711,0.00788936
6059086803,0.007887639
6059086407,0.007887226
6037311500,0.007884499
6059076205,0.007883336
6073020029,0.007880081
6059052505,0.00786926
6037503501,0.007839977
6037620305,0.007839429
6059011601,0.007829591
6059110006,0.007828258
6059021810,0.007814151
6059087503,0.007812053
6059011716,0.007800819
6037189102,0.00779853
6073018613,0.007794355
6037463900,0.007779015
6037504001,0.007751683
6037462500,0.007751337
6037135111,0.007731952
6037134304,0.00773081
6059063908,0.007725923
6059110111,0.007712448
6037503601,0.007710097
6037113421,0.007699034
6037297120,0.007679615
6059001103,0.007626331
6037273600,0.00762334
6037532303,0.007622178
6037702400,0.007618362
6059110201,0.007607553
6059099311,0.007601626
6037115401,0.007595998
6111004200,0.007586654
6037275302,0.007569122
6037115301,0.007554066
6059086701,0.007551758
6037113401,0.007550061
6059088301,0.007543601
6059063906,0.007541006
6037980005,0.00754019
6037131600,0.00753372
6037402600,0.007531513
6037702002,0.007530822
6073019702,0.007504574
6037267200,0.007497817
6073008303,0.007493996
6037185202,0.00746066
6037573700,0.007459605
6073020017,0.00745108
6059099404,0.007440507
6037570901,0.00741266
6059074108,0.007408941
6037430801,0.007395986
6037189500,0.007392303
6073008365,0.007391581
6073008310,0.007389429
6037463700,0.00738914
6059001403,0.007387597
6037292000,0.007377233
6037273502,0.007373776
6037701902,0.007371677
6037273300,0.007369031
6037195100,0.007368512
6037430901,0.007368037
6037571400,0.007364639
6037273800,0.007361178
6059087200,0.00736101
6073017018,0.007360495
6037702700,0.007354016
6037276000,0.007338567
6037503502,0.007329438
6073017104,0.007327713
6037532304,0.007322861
6073008337,0.007322155
6037406412,0.007305326
6111008600,0.007301125
6059099412,0.007298023
6037119002,0.007295745
6037702801,0.007290851
6037702501,0.007287542
6059011712,0.007273911
6037111302,0.007260062
6111004000,0.00725808
6037296600,0.007256578
6037408724,0.007253664
6059001902,0.007252726
6037109700,0.007247716
6037123601,0.007244355
6037402501,0.007244148
6073017014,0.007230836
6059110114,0.007228667
6037577200,0.007213566
6037264301,0.007211999
6059063201,0.007210519
6037571300,0.007181634
6037402405,0.007179966
6059086802,0.007170276
6037910208,0.007169905
6037482800,0.007143355
6037104704,0.007135264
6083002101,0.00713524
6059063202,0.007129893
6037571000,0.007113573
6037115103,0.00710922
6037461600,0.007104956
6037403802,0.007101225
6037135113,0.007096169
6037463500,0.0070931
6059011722,0.00708585
6037400302,0.007083432
6059011102,0.007081951
6059075403,0.007077303
6037191201,0.007067325
6037462900,0.007056429
6059075701,0.007054779
6059110110,0.007028749
6073008305,0.007024852
6059099310,0.00702411
6037267800,0.00701776
6037141304,0.007012947
6037900609,0.007012494
6037269500,0.006999347
6059075812,0.006991147
6059075807,0.00697526
6037402101,0.006956458
6059011710,0.006955376
6083002102,0.006945398
6037102104,0.006927103
6059001304,0.006925544
6073013309,0.006919799
6083002206,0.006912689
6059063103,0.006901897
6059110004,0.006895422
6083002304,0.006891762
6037700902,0.006888226
6037574901,0.006880619
6037502500,0.006878114
6059011402,0.006873393
6037186100,0.006854484
6059052528,0.006853113
6059099405,0.006845688
6059001402,0.006845475
6037503701,0.006839504
6059075808,0.006837749
6037201302,0.006832219
6059011502,0.0068312
6083002403,0.006798872
6037183101,0.006798246
6037650401,0.006786679
6037122200,0.006775316
6083002404,0.006773834
6059099702,0.006772658
6059099512,0.006749426
6037404401,0.006745419
6037554512,0.006744928
6059087103,0.006742614
6037609900,0.006736587
6037113322,0.006725779
6059099701,0.006703879
6037461502,0.006702556
6073018100,0.006701677
6059075404,0.006700838
6037121900,0.006698244
6037265601,0.006682216
6037134901,0.006679912
6059099605,0.006669639
6037577300,0.006652428
6059099703,0.006633336
6037124700,0.006632555
6037185204,0.006630743
6037702502,0.006616331
6059099406,0.006614229
6073009804,0.006601142
6059086801,0.00657612
6037109300,0.00656086
6037573402,0.006556893
6059110104,0.006555017
6037402303,0.006551952
6037128500,0.00654954
6059001303,0.006542211
6059011101,0.006541307
6037620303,0.006539045
6059110301,0.006536397
6037124000,0.006533412
6059110606,0.006513964
6037311100,0.006510884
6037650901,0.00650597
6059011718,0.006493977
6037115201,0.006451694
6037311802,0.006430711
6037620301,0.006413946
6073017055,0.006409457
6073008360,0.006409043
6037132002,0.006379951
6111004101,0.006377488
6073008330,0.006374684
6037500700,0.00636828
6037183222,0.006366481
6037271400,0.006357868
6037272100,0.006355352
6059099227,0.006338772
6037109800,0.006334051
6037143300,0.006326587
6059001802,0.006321706
6037408303,0.006319122
6037920044,0.006311774
6073015200,0.006301359
6037143100,0.006269268
6037120300,0.006265773
6037573800,0.006261844
6037571800,0.006245608
6037401703,0.006242206
6037461300,0.006241543
6037127400,0.006223118
6059052506,0.006207848
6037265202,0.006205105
6059099214,0.006201403
6037554900,0.006192229
6073020500,0.006189087
6037117303,0.006189036
6037602700,0.006183509
6037189902,0.0061767
6037980025,0.006175713
6037554519,0.006171526
6037543400,0.0061705
6037117404,0.006167875
6037550500,0.006163486
6059001901,0.006162348
6073008354,0.006162183
6059088901,0.006148029
6073015404,0.006139933
6037570701,0.006120308
6037265305,0.006119009
6037183702,0.00611817
6037901011,0.006115045
6037571900,0.006113142
6059074803,0.006101137
6037901010,0.006094484
6037271701,0.006054038
6037143500,0.006050924
6037269100,0.006045104
6037550300,0.006039165
6037117301,0.006030253
6059075815,0.006027251
6059075811,0.006020642
6059075702,0.006020255
6037123800,0.006018392
6059063903,0.005989713
6059088903,0.005989031
6059001102,0.005988827
6037404402,0.005964418
6059088701,0.005959754
6059088402,0.005954747
6037463102,0.005946431
6059088601,0.00594002
6059088203,0.005933247
6037267600,0.005924173
6059110001,0.00592128
6037401203,0.005906642
6059075805,0.005906125
6059088401,0.005903303
6037301100,0.005892935
6059062626,0.005889897
6037621326,0.005885576
6037551000,0.005882395
6059099411,0.005877983
6059087105,0.005876307
6073017031,0.005873863
6037555102,0.005873022
6037501200,0.005872536
6059087704,0.005867824
6037403722,0.005865631
6111003700,0.005848084
6037530005,0.005840113
6059088201,0.005827635
6037186203,0.005826697
6073018516,0.005812124
6037109400,0.005770864
6059099233,0.005764094
6037543202,0.005763611
6073019302,0.005760181
6059011711,0.005755447
6059089102,0.005749666
6037577504,0.00574216
6037131020,0.005722995
6037536102,0.005705503
6037267902,0.005674588
6037503901,0.005674104
6083000301,0.005673155
6037132700,0.005669201
6073015302,0.005668592
6059075504,0.005662722
6059099212,0.005655753
6059076102,0.005642829
6059099235,0.005640703
6037407802,0.005629127
6059087703,0.005614972
6059087601,0.005614536
6037462400,0.005612541
6037406402,0.005603926
6073016100,0.005595929
6037408631,0.005595752
6037600702,0.005588207
6037271902,0.005587365
6037125100,0.005580865
6073018512,0.005578453
6073017043,0.00555987
6037701802,0.005552868
6073009502,0.005551526
6037651102,0.005538862
6037271500,0.005538164
6037271600,0.005533935
6037700200,0.005519937
6073013311,0.005519822
6037651221,0.00551965
6059099202,0.005519303
6073017702,0.005515333
6073010402,0.005514158
6037463400,0.005512315
6073013412,0.005510107
6037128602,0.005502847
6037901009,0.005491316
6037301300,0.005480855
6059088501,0.005471731
6037901008,0.005471281
6059110102,0.005456575
6037602900,0.005454044
6073016613,0.00544557
6037111205,0.00544454
6037275311,0.005437545
6037980013,0.005437147
6111003801,0.005435495
6037701601,0.005432525
6059063701,0.005431767
6073009706,0.005431353
6037134800,0.005426108
6073017603,0.005425214
6037574800,0.005424472
6059099251,0.00542328
6037124600,0.005423152
6059088602,0.005422627
6059099242,0.005413382
6037576700,0.005398939
6037463000,0.005395593
6059099241,0.005394324
6037571101,0.005391439
6073017809,0.005387469
6073020021,0.005379444
6037276400,0.005373601
6059099234,0.005367656
6037503301,0.005366721
6037910713,0.005354302
6037702201,0.005349117
6059099250,0.005346972
6037541002,0.005335961
6037109604,0.005335933
6037302401,0.005332715
6059086903,0.005332461
6059087001,0.005331517
6059110202,0.005327479
6037502801,0.005326164
6059086902,0.005324416
6059086901,0.005318515
6037296902,0.00531089
6037128302,0.005310817
6037501300,0.005309913
6059075002,0.005287897
6037480400,0.005287892
6073015403,0.005284108
6073020305,0.005279948
6037543501,0.005277398
6037119800,0.005272218
6073020019,0.005267309
6059075100,0.005265467
6059075901,0.005263912
6037702202,0.005261388
6037131900,0.005255296
6073019809,0.00525334
6037555001,0.005250985
6037131800,0.005250552
6059099410,0.005235275
6037123901,0.005234169
6059110115,0.005233528
6059110303,0.005212121
6073018517,0.005207977
6059099230,0.005200061
6037570001,0.005191188
6073020211,0.005178171
6037571504,0.005177539
6059099801,0.005175422
6037430902,0.005174749
6037464200,0.005159362
6037462700,0.005133111
6037910712,0.005132451
6059088702,0.005124452
6037119700,0.005110243
6037571102,0.005108644
6073012502,0.005106626
6037703200,0.005100238
6037132300,0.005092585
6059063808,0.005089746
6037406000,0.00508772
6059110005,0.005086285
6037190301,0.005082074
6073008313,0.005065164
6037264103,0.005064814
6073019403,0.005064316
6037502100,0.005060679
6059087002,0.005052564
6059099224,0.005051004
6037123301,0.005047294
6037311000,0.005045341
6037201110,0.005041297
6037276500,0.005032978
6059074107,0.005027666
6037274100,0.005027066
6037577400,0.005008233
6037191302,0.005005418
6059011720,0.004996393
6059087102,0.004995772
6037574201,0.004976202
6037104703,0.004974131
6037553100,0.004962732
6059074200,0.004945772
6037301502,0.004927172
6037402304,0.004921184
6059099226,0.004921174
6073013414,0.00491931
6059075816,0.004895683
6037271100,0.004884804
6037189101,0.004880487
6037128801,0.004879551
6037408141,0.004877538
6059086306,0.004873164
6037602509,0.004867763
6037111100,0.00484904
6037183221,0.004842835
6037910601,0.004842279
6037554516,0.004840991
6059001201,0.004837604
6059110117,0.004832007
6037267700,0.004829144
6059052521,0.004828737
6059110003,0.004828319
6059001202,0.00482743
6059075302,0.004820718
6037301900,0.004820611
6059086501,0.00482061
6037265201,0.004818883
6059087300,0.004815499
6037104810,0.0048149
6059110109,0.004812833
6037311801,0.00481187
6037620901,0.00480841
6111004504,0.004808249
6037577000,0.00480791
6037119400,0.004807333
6059086301,0.004803921
6037554515,0.004777102
6059110011,0.004774997
6059110010,0.004769462
6037551800,0.004751707
6059110203,0.004750472
6059011708,0.004743285
6037236400,0.004741292
6037463200,0.004734265
6037550800,0.004717452
6037102103,0.004716207
6073020601,0.004711493
6059088502,0.004710715
6073018510,0.004698141
6037124400,0.004694901
6037432500,0.004693569
6059074111,0.004691456
6059052522,0.004691297
6037433700,0.004687314
6059110304,0.004682004
6059075505,0.004681123
6037408135,0.00468056
6037117102,0.004674625
6037115104,0.00466936
6059075303,0.004665319
6059087101,0.004649626
6037302102,0.004636738
6037503302,0.004634265
6037143602,0.004633617
6037190901,0.004626961
6037540800,0.004619176
6037125200,0.004599823
6111004711,0.00459919
6037403702,0.004597536
6037186301,0.004584549
6037311300,0.00458419
6059075401,0.004583367
6073020107,0.004580494
6037480703,0.00457131
6037197410,0.004557074
6059099903,0.00455034
6037650701,0.00454711
6037119001,0.004534464
6037109603,0.004533634
6037603702,0.004532322
6037187300,0.004523037
6037540902,0.004519319
6059087701,0.004517288
6037461501,0.004514107
6037190902,0.00451122
6059099904,0.00450112
6037131200,0.004498983
6111003011,0.004497652
6037462100,0.004478215
6037113422,0.004465596
6073015000,0.004457685
6037131300,0.004457203
6037650200,0.004456066
6037910403,0.004455852
6037480704,0.00445029
6037572001,0.004430076
6059086601,0.004428239
6037543100,0.004422258
6037127210,0.004420361
6073018614,0.00441987
6059099803,0.004417153
6037700101,0.00441413
6037131400,0.004414033
6037127711,0.00441303
6059075507,0.004412139
6037408136,0.004411476
6073008347,0.004398698
6037131100,0.00439502
6037121600,0.004393973
6037275603,0.004385297
6059011503,0.004379315
6037189905,0.004374937
6037291300,0.004374787
6037555202,0.004374769
6037570502,0.004372984
6037190802,0.004372733
6037404301,0.004357598
6037543801,0.004354953
6059110116,0.004351757
6073008311,0.004342638
6037132102,0.004321008
6059088202,0.004306152
6037570902,0.004302804
6037271702,0.004295356
6059074004,0.004293378
6059074406,0.004286689
6037571701,0.004281504
6037123602,0.004279987
6037134201,0.004278085
6059088905,0.004276612
6037301501,0.00427507
6037543905,0.004270664
6037141201,0.004269813
6037139303,0.004268546
6037131010,0.004255953
6037403902,0.004253733
6073020309,0.004249907
6037670100,0.004249035
6037406411,0.004229654
6037482402,0.004228767
6037406702,0.004228621
6037900602,0.004226198
6037119202,0.004216939
6037910501,0.004202169
6059099222,0.0041986
6037553200,0.004190078
6037141202,0.004188837
6037195300,0.004188645
6037211000,0.004183626
6037301701,0.004174925
6073010110,0.004170165
6037119900,0.004168054
6037544001,0.004165636
6037554511,0.004159337
6059074005,0.004159163
6059063805,0.004152906
6037238000,0.004145417
6037128601,0.004140519
6111003010,0.00413718
6059074601,0.00413324
6037119201,0.004132329
6037461400,0.004126231
6037573902,0.004124334
6037122122,0.004121599
6059075202,0.004117816
6037536200,0.004116089
6073009304,0.004113301
6059088802,0.004110335
6037123700,0.004101326
6073020109,0.004099571
6037600802,0.004096395
6059089107,0.004095577
6059089105,0.004088924
6037265510,0.004085995
6037120400,0.004076545
6037650902,0.004063098
6059075201,0.004056206
6073017036,0.004055719
6111003802,0.0040478
6037532200,0.004042782
6059099223,0.004040208
6059088801,0.004038477
6037551102,0.004038368
6037123010,0.004034842
6073020025,0.004032896
6037189201,0.004022549
6073013421,0.00402056
6073019701,0.004015367
6059074802,0.004011924
6059089001,0.004009913
6037201402,0.004008324
6037670003,0.004004687
6059089003,0.004004673
6059088904,0.004004053
6059075301,0.004003886
6037271901,0.003998711
6037541001,0.003986074
6037219700,0.003975831
6059089004,0.003973772
6037124500,0.003973652
6037463601,0.003973582
6037206031,0.003965051
6037463602,0.003963401
6059088902,0.003958525
6037576200,0.003958456
6037113321,0.003956242
6073008348,0.003950492
6059099204,0.003946692
6037620400,0.003943362
6037620501,0.003941436
6059087805,0.003941352
6037190510,0.003936745
6037602600,0.003936306
6073019206,0.003928827
6037700300,0.003927408
6037482522,0.003922293
6059086702,0.00391966
6037188202,0.00391927
6059099203,0.00391302
6037543322,0.003904672
6059086602,0.003903862
6037550100,0.003899668
6059087802,0.003890955
6037183103,0.003883296
6059088001,0.003870821
6037501002,0.003868059
6037132001,0.00386148
6059087803,0.003861285
6037573403,0.003857403
6073008503,0.003856359
6073008336,0.003855614
6037482001,0.00385194
6073013416,0.003851089
6037277100,0.003837278
6059087801,0.003829417
6037408134,0.003819229
6037115404,0.003816511
6037403721,0.003806991
6037576602,0.003802291
6059076103,0.003801775
6037601302,0.0037963
6037620800,0.003791165
6037141102,0.003788933
6037403801,0.003787538
6037532101,0.00377931
6073009506,0.003777007
6037551900,0.003772183
6037554517,0.003771963
6037651001,0.003769076
6037408401,0.003768623
6037183220,0.003765956
6037461901,0.003754435
6037543604,0.003746462
6037121802,0.003746077
6059074701,0.003745761
6037183300,0.003745076
6059088107,0.003742618
6037552200,0.003739658
6059074102,0.003738963
6037620904,0.003736306
6073017108,0.003735579
6037502200,0.003729847
6037408140,0.003729645
6037576801,0.003729612
6059086305,0.003727831
6037125310,0.003726143
6037910402,0.003725214
6037621201,0.003724006
6037555002,0.003708542
6037650300,0.003702522
6037294701,0.00370238
6059087806,0.003694064
6059088105,0.003693375
6037141101,0.003693202
6037124201,0.003691766
6037183701,0.003691317
6037187200,0.003680575
6037408137,0.00367397
6037195202,0.003669371
6037501900,0.003663801
6037186401,0.003663214
6037553601,0.00365976
6073008353,0.003651133
6111004506,0.003650384
6059011721,0.003634914
6037574602,0.003631704
6037576601,0.003631378
6073020018,0.003630922
6037301206,0.003629586
6037139503,0.003621273
6037301702,0.003617319
6037571502,0.003616174
6037536104,0.003615285
6037183402,0.003611025
6037541200,0.00360472
6037117201,0.003604621
6059088403,0.00360446
6037544002,0.003604414
6037125600,0.003603717
6037265602,0.003597192
6037183620,0.003592159
6037128303,0.00359074
6059074901,0.003583052
6037123103,0.003579565
6037702803,0.003577595
6037220100,0.003576204
6037461902,0.003568749
6037543602,0.003568711
6037570602,0.003567816
6037113233,0.003564117
6037270300,0.003561146
6037186201,0.003555095
6037554518,0.003551699
6037188300,0.003550564
6037117101,0.003549656
6037543603,0.003548951
6059088002,0.00354814
6073013409,0.003547422
6037621301,0.003545738
6037554802,0.00354336
6037551101,0.003539064
6037482600,0.003529888
6037900506,0.003529675
6037502601,0.003528714
6037407702,0.003528134
6037502004,0.003528032
6037407200,0.003521684
6037555103,0.003519994
6073008358,0.003516194
6073009801,0.003499064
6059074602,0.003498937
6037311200,0.003495608
6059110106,0.003492807
6037552100,0.003487223
6037302506,0.003479137
6037139302,0.003476907
6073010502,0.003469043
6037271802,0.003465965
6073016617,0.003462346
6073018509,0.003454875
6037500800,0.003449941
6037405800,0.00344951
6037500402,0.00344551
6037480804,0.003426269
6037122420,0.003426173
6037183401,0.003425706
6059099802,0.003424594
6037434004,0.003423893
6037183510,0.003422656
6037203500,0.003420524
6037301205,0.003417393
6037235100,0.00341181
6037462800,0.003406487
6037650101,0.003405984
6037143200,0.003399695
6059087405,0.003398261
6111008900,0.00339738
6037123304,0.003395255
6037530102,0.003394559
6073010004,0.003393642
6037530004,0.003389357
6073017502,0.003372014
6073017107,0.00336849
6037191110,0.003368278
6037500404,0.003352486
6037272301,0.003344371
6037602802,0.003340248
6073013417,0.003339692
6037576802,0.003339514
6073020210,0.003338585
6037278001,0.003323652
6059088106,0.003323183
6073003107,0.003323048
6037311400,0.003315944
6059074405,0.003315357
6037269700,0.003309212
6037275500,0.003308997
6037532302,0.003303849
6073018511,0.003303472
6059087902,0.003300766
6059086304,0.003298086
6059088104,0.00329791
6037218300,0.003290006
6073008502,0.003288603
6073013420,0.003288361
6059087901,0.003284335
6037115302,0.00328426
6073010005,0.003281039
6037480803,0.00327904
6037206010,0.003272208
6037601401,0.003269456
6037462600,0.003256994
6073016806,0.003256692
6037540000,0.003250819
6073008331,0.003244702
6037543304,0.003240321
6059074103,0.003236084
6037405600,0.003230855
6059001903,0.003223722
6111004503,0.003222866
6059086402,0.003221444
6037195400,0.003211654
6037128210,0.003211482
6037188201,0.003208673
6037199000,0.003206387
6037121020,0.003185192
6037482002,0.003184342
6037301801,0.00318356
6037910716,0.00318121
6037570402,0.003173912
6037201120,0.003173606
6059087106,0.003171615
6037543503,0.003170968
6037650702,0.003168647
6059087401,0.003168642
6037542402,0.003165006
6037702802,0.003163292
6037555104,0.003162499
6059086405,0.003160846
6037504002,0.003158809
6037275400,0.003153445
6037124300,0.003147081
6037651002,0.003146791
6073020024,0.003146206
6073008501,0.003144295
6037555211,0.003142988
6037271200,0.0031397
6111004505,0.003139394
6037195500,0.003137692
6037405001,0.003137627
6037552900,0.003132645
6073008344,0.003128871
6037265303,0.003128461
6037602801,0.003119946
6059110014,0.003118978
6037910603,0.003108227
6037571503,0.003107171
6037113234,0.003105559
6037183810,0.003102535
6037134101,0.003100418
6037302301,0.003095709
6037552800,0.003093541
6037123510,0.003092005
6037463101,0.003088988
6037620602,0.003085771
6073009101,0.003077119
6059074702,0.003074873
6037270100,0.003072279
6073015100,0.003069323
6037187101,0.003066852
6037203300,0.003066537
6037406500,0.00306169
6037127300,0.003058219
6037134904,0.003052607
6037500600,0.003047413
6037123420,0.003046163
6037134103,0.003044977
6037294830,0.003043254
6037276100,0.003042848
6037191901,0.003042042
6059086404,0.003033419
6059074801,0.003032234
6037550202,0.00302873
6059086502,0.003026613
6073009802,0.003024047
6073014602,0.003023849
6037650502,0.003016899
6037404201,0.003013572
6037190520,0.003010396
6037503201,0.003010338
6037123205,0.003009592
6037574202,0.003007392
6037462302,0.003004705
6037570501,0.002994375
6037620702,0.002993292
6037271801,0.002991235
6037402803,0.002985655
6037553000,0.002980629
6037104401,0.002979457
6037553802,0.002976253
6037238400,0.002976218
6037570100,0.0029693
6037503000,0.002964031
6037104403,0.002962954
6037190801,0.002958535
6037139504,0.002955392
6037540300,0.002954923
6037216900,0.002954154
6037183520,0.002953289
6073013418,0.002951524
6073003214,0.002945786
6037133000,0.002944904
6037406601,0.00294167
6037293302,0.002939561
6037302104,0.002939343
6037701602,0.002939209
6037191120,0.002933587
6037650603,0.002932426
6037219902,0.002930865
6037127102,0.002921315
6073018609,0.002919093
6073020202,0.002918915
6037701701,0.002913709
6073010106,0.002912056
6037570202,0.002909514
6073016502,0.002906635
6073013701,0.002903607
6073013312,0.002892991
6037910502,0.002890391
6037123104,0.002888499
6037552700,0.002884453
6037502301,0.002883019
6037123902,0.002882025
6059087505,0.002880125
6037134720,0.002878795
6037551300,0.00287875
6037201301,0.002876904
6073016000,0.002876376
6037570003,0.002874416
6073008306,0.002862853
6037131702,0.002861785
6037183104,0.002860474
6037122120,0.002858966
6037199400,0.002858824
6037480302,0.002858227
6073020209,0.00285735
6037572201,0.002856477
6037572202,0.002854403
6037554514,0.002839647
6073019805,0.002832769
6037240700,0.002829486
6037195201,0.00282797
6037700400,0.002825904
6037302302,0.002821033
6059074109,0.002818374
6037132501,0.002816764
6037134520,0.002813765
6037650001,0.002812275
6037910505,0.002810627
6059086406,0.002808025
6037501400,0.002805652
6037600912,0.002805165
6073003213,0.002804944
6037115403,0.002797992
6037241202,0.0027954
6037542200,0.002795332
6037552301,0.002791417
6037650602,0.002791306
6073007100,0.002790676
6037236100,0.002789055
6037190201,0.002789019
6037406101,0.002787197
6111003201,0.002781181
6037431400,0.002779289
6037405500,0.002776929
6059089104,0.002776907
6037540901,0.002774674
6037502901,0.002774381
6073009306,0.002774119
6073020106,0.00277328
6037265304,0.002768628
6073020214,0.002765184
6037540501,0.002763584
6037122410,0.002762128
6073008504,0.002755137
6037127104,0.00275455
6037551501,0.002754403
6037186202,0.002753931
6037431200,0.002750182
6037602302,0.002745115
6037540700,0.002741501
6037701501,0.002740225
6037404100,0.002731451
6073009602,0.002730116
6037408501,0.00272863
6037601001,0.002727372
6037270200,0.002726161
6037201401,0.002725138
6037541300,0.002724868
6073013905,0.002721555
6037408133,0.002720355
6037701502,0.002720056
6037550602,0.002717234
6037216300,0.00270841
6037462301,0.002698361
6073020206,0.002698169
6037189904,0.002698133
6037543903,0.002697254
6037543802,0.002694876
6073020207,0.002692432
6037405302,0.002690206
6037541700,0.002688664
6037141303,0.002687783
6073013702,0.002687328
6037701702,0.002686258
6037910714,0.002683128
6073014803,0.002677509
6073019406,0.002661324
6037910504,0.002658941
6073018200,0.00265846
6037275102,0.002657874
6073009510,0.002656184
6037405900,0.002653316
6037404000,0.002652207
6073018518,0.002647658
6037530101,0.002645053
6073018519,0.002642962
6037269800,0.002630777
6037554406,0.002630448
6037551202,0.002619023
6037408301,0.002616767
6037542401,0.002614523
6037651401,0.002613279
6037574700,0.002611104
6059074110,0.002610861
6037900703,0.002605765
6073009202,0.002604988
6037190202,0.002602361
6037500900,0.002580118
6037104822,0.002578256
6037183610,0.00257287
6037575500,0.002542091
6037900803,0.002541147
6037104610,0.002536922
6037503202,0.002536799
6037406800,0.002536626
6073019404,0.002535544
6073013801,0.002527978
6037403901,0.002526612
6037128220,0.002525091
6037132502,0.002523994
6037532001,0.002523323
6037240900,0.002521099
6073008340,0.002516067
6037620101,0.002514436
6037430102,0.002510449
6037128101,0.00251
6037570301,0.002509948
6037570603,0.002509941
6059089106,0.002509873
6037504101,0.002509393
6037127920,0.002509358
6037554600,0.002509071
6037502005,0.002506695
6037575901,0.002504245
6037220000,0.002503068
6037555212,0.002502869
6037293202,0.00250008
6059110118,0.002498076
6059075405,0.002497622
6037602301,0.00249557
6037503105,0.002494483
6037670001,0.002490012
6037185203,0.0024894
6037407900,0.002487725
6037234600,0.002486092
6073003204,0.002484164
6037217100,0.002481726
6059074502,0.002476547
6037132101,0.002466645
6037600902,0.002463613
6037621001,0.002459907
6037600400,0.002456995
6037541603,0.002456295
6037125402,0.002443924
6037123303,0.00244378
6037481001,0.002439995
6073014901,0.002437778
6037201700,0.002433357
6037302103,0.002430025
6037462202,0.002429306
6073008301,0.002425933
6037551700,0.002425112
6037481901,0.002419153
6037552602,0.002419086
6037900805,0.002416779
6073008102,0.002416086
6037503103,0.002413511
6037540101,0.002411057
6037405702,0.002405495
6037242700,0.002403304
6073009106,0.002401607
6037301203,0.002400741
6037123206,0.002394467
6037503106,0.002391599
6037540102,0.002389932
6037650800,0.002388141
6073013103,0.002381003
6073003108,0.002379443
6037406602,0.002378802
6037405400,0.002378642
6073003105,0.0023758
6073019503,0.002368602
6073013306,0.002366828
6037218400,0.002362236
6037910602,0.00236039
6037104701,0.00235923
6073008307,0.002348346
6037620601,0.002344818
6037572600,0.002342632
6037701302,0.002342596
6037910715,0.002339271
6073002801,0.002335192
6073010003,0.002320948
6073008345,0.002320177
6037570702,0.002315801
6037104404,0.002312527
6037570601,0.002311422
6037576503,0.002308266
6037123203,0.00230411
6037670002,0.002298364
6037124102,0.002292905
6073014002,0.002292024
6037462201,0.002290661
6037272302,0.002287522
6037104821,0.002279164
6037104620,0.002276093
6037104500,0.002275588
6037603900,0.00227276
6037502602,0.002272471
6037572002,0.002270938
6037293301,0.002269801
6037216700,0.00226787
6037480802,0.002261693
6037536103,0.002258754
6037294120,0.002252179
6037208000,0.002250404
6037700901,0.002250103
6037128102,0.002247197
6037650501,0.002242246
6037119320,0.002242071
6037127910,0.002237801
6037600704,0.002236246
6059087504,0.002235391
6037573401,0.002233949
6037125320,0.002233525
6037302202,0.002233416
6037123020,0.002230609
6073018400,0.002228854
6037576502,0.002224284
6037197200,0.00222416
6037134002,0.002224144
6037302002,0.002220235
6073014902,0.00221358
6037143604,0.0022081
6073007800,0.002207739
6037620001,0.00220689
6037302201,0.002199675
6037573100,0.002197539
6037550700,0.002195559
6037462001,0.002189258
6073010401,0.002188204
6037462002,0.002187671
6037550901,0.002183675
6037620002,0.002176623
6037186403,0.002175723
6073010013,0.00217128
6037554801,0.002167043
6037551402,0.002164703
6073008200,0.002156222
6037214000,0.002153784
6037405201,0.002147611
6037183820,0.002146243
6037900501,0.002143482
6037575002,0.002143257
6059074806,0.002141843
6037576501,0.002141822
6037554002,0.002140276
6037302505,0.002139322
6037550902,0.002138248
6037900505,0.002137279
6037241001,0.0021327
6059074006,0.002131182
6073020208,0.002131182
6037541802,0.002128718
6037217002,0.002119494
6037237202,0.002119448
6037404901,0.0021175
6037501503,0.002109757
6073013908,0.002109161
6037120105,0.002108708
6037217200,0.002105199
6073014700,0.002099516
6037600911,0.002098261
6037550601,0.002093154
6037575001,0.002092518
6037301802,0.00209232
6037267300,0.002080603
6037207400,0.002076308
6073008351,0.002074716
6037291130,0.002074326
6037543502,0.002074124
6037600202,0.002072106
6037530700,0.002067346
6037551502,0.002065469
6037570203,0.002064733
6037232400,0.002062739
6037501802,0.002060864
6037190401,0.002057965
6037570002,0.002054919
6037553801,0.002054618
6037269904,0.002053298
6073008003,0.00205213
6037407701,0.002051415
6037405101,0.002048855
6073014001,0.002046294
6037185310,0.002045503
6037463300,0.002044674
6073013909,0.002044067
6037408003,0.002038771
6037600302,0.002035089
6073008359,0.002034128
6037216200,0.00203232
6073003115,0.002027721
6037553901,0.00202693
6037535200,0.002025988
6037543000,0.002022337
6037407002,0.002018961
6037481202,0.002018924
6037530202,0.002018682
6073009705,0.002018681
6037540600,0.002014572
6037542502,0.002014262
6037553502,0.002014167
6037214100,0.002013762
6037532002,0.002007145
6037532102,0.00200705
6037199700,0.002003142
6037481500,0.002002332
6073013415,0.002001843
6037199120,0.001994704
6037267501,0.001993624
6037119310,0.0019914
6073013906,0.001988611
6037550400,0.001988535
6037603302,0.001988078
6037603200,0.001987883
6037603001,0.001987789
6037603400,0.001984573
6037500500,0.001984426
6037291210,0.001981691
6037238200,0.001980412
6037121221,0.00198001
6037123520,0.001978366
6059074902,0.001978078
6073008101,0.00197674
6037572700,0.001975424
6037542000,0.001974385
6037900608,0.001972937
6037293201,0.001972336
6037296210,0.001969674
6037185320,0.001969494
6037199202,0.00196721
6037127806,0.001961762
6037480201,0.001959423
6037480202,0.0019586
6037501504,0.001956311
6037294900,0.001956034
6037190402,0.001954243
6037121101,0.001953051
6037275200,0.001952478
6037267502,0.001951035
6037206020,0.001950846
6037572800,0.001945011
6037102105,0.001939941
6037535902,0.001937566
6037541400,0.001936226
6037219901,0.001925222
6037242200,0.001923817
6037552001,0.001921145
6037240500,0.001919405
6037131701,0.001918882
6037123410,0.001914777
6037407801,0.001912334
6073002001,0.001910903
6037218500,0.001910428
6037296220,0.001910314
6037199110,0.001909946
6037601301,0.001907704
6037267402,0.001903901
6037237300,0.001902513
6037541100,0.001900185
6073008349,0.001900094
6073015902,0.001896186
6037543702,0.001893101
6059099247,0.001892219
6037121801,0.001889306
6037134104,0.001884908
6073008006,0.001882575
6037502302,0.001882026
6037501001,0.00188018
6037238100,0.001879324
6073020308,0.001876594
6037237900,0.001872654
6037127220,0.001870822
6059075513,0.001867918
6037536000,0.001867526
6059099248,0.001864204
6037127605,0.001862414
6037480303,0.001861992
6037554700,0.001859524
6037125502,0.001859336
6037600801,0.001857175
6073007301,0.001855045
6037234000,0.001851129
6037575902,0.001848674
6073008702,0.001847728
6059099249,0.00184706
6037127803,0.001845987
6073008600,0.001844603
6037297110,0.001843636
6037143603,0.001841477
6037237800,0.001838572
6037481002,0.001835863
6073008505,0.001835267
6037127804,0.001832522
6037554405,0.001830546
6037192002,0.001828504
6059075003,0.001825175
6037301204,0.001819758
6037553701,0.001818936
6037535607,0.001814715
6037543201,0.001813226
6037405701,0.001811364
6037481103,0.001809364
6037552302,0.001808075
6037134306,0.001804247
6037701202,0.001800766
6037601211,0.001798168
6073005600,0.001797198
6037574902,0.001796068
6073016504,0.001795518
6037480304,0.001794664
6037134522,0.001780064
6073007910,0.001779139
6073008902,0.001777819
6037542106,0.001771546
6037550000,0.00177002
6037554001,0.001769248
6037191203,0.001769123
6037600100,0.001768849
6037294421,0.00176771
6037542602,0.00176704
6037541605,0.001766355
6037127805,0.00176463
6037276604,0.001764507
6037573300,0.001758888
6059075512,0.001758816
6037602402,0.001753829
6073003003,0.001753563
6073008357,0.001747232
6037480002,0.001744486
6037553702,0.001740895
6059074300,0.001737322
6073010112,0.001730755
6037540203,0.001728499
6037570404,0.001728268
6037269903,0.001727218
6037407302,0.00172611
6037600602,0.001723206
6037551600,0.001720075
6037530400,0.001716343
6037572301,0.001713309
6037620701,0.001712516
6037431700,0.001712183
6037240020,0.001711394
6037530006,0.001710757
6037291110,0.00170939
6073009103,0.001706329
6037603301,0.001705817
6037552601,0.001703135
6037572100,0.001699001
6073005100,0.001698334
6037134001,0.001695993
6073014601,0.001694405
6037552002,0.001693856
6037480901,0.00169375
6037407501,0.001691017
6037502003,0.001684593
6059074805,0.001682675
6037502401,0.001681792
6073009511,0.001680428
6059087403,0.00167617
6037269907,0.001672805
6037553902,0.001666739
6037241002,0.001665084
6037240401,0.001661244
6037191204,0.001660702
6037134710,0.00165977
6037407602,0.001658637
6073016302,0.001657764
6037197700,0.001657281
6073013401,0.001653663
6037542700,0.001652674
6073010001,0.001652069
6073009104,0.001651043
6037541604,0.001650902
6037600502,0.001647911
6037134903,0.001647825
6037124902,0.001647478
6037480012,0.001646393
6037293306,0.001645869
6037552400,0.001645255
6037600501,0.00164492
6037236202,0.001642608
6037125501,0.001639938
6037575401,0.001639452
6037603600,0.001638521
6073015701,0.001638365
6037122121,0.001636106
6037127712,0.00163547
6037407502,0.001633074
6037402904,0.001629505
6073008355,0.001628271
6037120010,0.001628011
6037219800,0.00162527
6037235202,0.001625086
6037620102,0.001620886
6037240300,0.001617416
6073016301,0.001617157
6037600601,0.001612568
6037294410,0.00161232
6037535901,0.001612284
6073015704,0.001612249
6037910606,0.00160989
6037117530,0.001609676
6073015802,0.00160929
6037214501,0.001607057
6037408138,0.001598485
6037910605,0.001595905
6037240600,0.001595603
6037530801,0.001590384
6037405002,0.001586756
6037502402,0.001586629
6037405102,0.001586229
6037480102,0.001586076
6037120020,0.001581354
6037216800,0.001578005
6037120108,0.001577443
6037481402,0.001573551
6037207710,0.001572113
6037241120,0.001570442
6073009301,0.001569833
6037541500,0.001568049
6037127606,0.001562822
6073007905,0.001560525
6037604100,0.001556871
6037900701,0.001555124
6037535702,0.001546195
6037501803,0.001545691
6073008002,0.00154198
6037603101,0.001541839
6037554201,0.001535713
6037117510,0.001530841
6059074501,0.001526939
6037243000,0.001521414
6073014804,0.001520705
6037242000,0.001520556
6037240800,0.001518759
6037482101,0.001517457
6037232600,0.001517063
6037535400,0.00151702
6037431300,0.001516615
6037700501,0.001516483
6073002904,0.001514156
6037242300,0.001512116
6037293304,0.001511934
6073021800,0.001509594
6037535802,0.001509503
6037206032,0.001508392
6037197500,0.001506399
6037197300,0.001506126
6037124903,0.001505876
6037602200,0.001504755
6037302004,0.001498778
6037186404,0.001496542
6037543703,0.001490284
6037554404,0.001488944
6037650102,0.001484785
6037219500,0.001476847
6037551201,0.001475593
6037602004,0.001475356
6073019405,0.00147164
6037232500,0.00146942
6037302504,0.00146928
6037291120,0.001469044
6073013907,0.001464592
6037197420,0.00146446
6037600201,0.001461223
6073009604,0.001460908
6059087404,0.001459585
6037234501,0.001455806
6037119341,0.00145536
6037191301,0.001454975
6073001900,0.001453351
6037240402,0.001452287
6073010107,0.001450783
6073010900,0.001449537
6037601900,0.001449276
6037540202,0.001447666
6037480011,0.00144636
6037700802,0.00144479
6073010010,0.001443519
6037480101,0.001441567
6073020108,0.001440804
6037194500,0.001438614
6037572900,0.001438332
6073010501,0.001438137
6037482102,0.001437973
6037621324,0.00143623
6059075514,0.00143496
6037554203,0.001432991
6037189903,0.001432966
6037408139,0.001429793
6073005400,0.001429401
6037431502,0.001427581
6037218600,0.001427556
6037302503,0.001425215
6037275101,0.001423059
6037407102,0.00142298
6037231600,0.00142193
6037234700,0.00142147
6073006500,0.001417433
6073014400,0.001415891
6037294110,0.001414343
6037404501,0.001409842
6037406701,0.001409593
6073003103,0.001408837
6037269905,0.001404972
6037125401,0.00140396
6037201602,0.00140388
6037501804,0.001396479
6037206050,0.001396395
6037407601,0.001395117
6037603500,0.001389725
6037570303,0.001385739
6037572302,0.001385537
6037541801,0.001385127
6073009703,0.001381075
6037201501,0.001380749
6037203100,0.001376852
6037430802,0.001376217
6037294200,0.001375841
6037240200,0.001375256
6037482701,0.001372916
6037551401,0.001368778
6073010012,0.001368263
6037231500,0.001367009
6037408630,0.001359974
6073009603,0.001356287
6037601303,0.001353768
6037199800,0.001350822
6073008512,0.001347913
6073008352,0.001347034
6037553300,0.001343763
6037554403,0.001341342
6037243100,0.001340275
6037650004,0.001339412
6037211500,0.001334249
6037241400,0.001331926
6037218210,0.001330468
6037602003,0.00133008
6037481201,0.001328831
6073021400,0.001328553
6037405301,0.001327714
6037120104,0.001322893
6037234200,0.001320918
6059074408,0.001320666
6073012401,0.001317907
6037267403,0.001312365
6037239202,0.001307162
6073010111,0.001306448
6037191902,0.001305364
6037430803,0.001304067
6059074407,0.001302775
6037603102,0.00130119
6037404202,0.001299024
6037291220,0.001298246
6037272202,0.00129543
6037195600,0.001294727
6037620201,0.001294633
6037192300,0.001292659
6037234300,0.001291816
6037217001,0.00129103
6037212702,0.001289372
6037550201,0.001288679
6037267404,0.001286803
6037124103,0.001286562
6037294302,0.001282844
6073014101,0.001273319
6037602508,0.001271978
6037404504,0.001270816
6037482521,0.001270604
6037621102,0.001269932
6037575300,0.001267011
6073013308,0.001266945
6037570304,0.001266608
6037575201,0.001265436
6037573202,0.001264147
6037214700,0.001264014
6037542105,0.001261359
6037241300,0.001258176
6037269906,0.001255381
6037124104,0.001255043
6037123204,0.001254131
6037235201,0.00125386
6073014805,0.001252836
6037194402,0.001250413
6037234800,0.00124989
6037432000,0.001245828
6073014200,0.001245046
6037127603,0.001244093
6037127604,0.001243724
6037542900,0.001241442
6037214600,0.00123845
6037503104,0.001232017
6037214800,0.001229618
6073003209,0.001228447
6073012200,0.001224889
6037700502,0.001221809
6037294620,0.001220225
6037269601,0.001220147
6073003001,0.001219133
6037531503,0.001218545
6073002804,0.00121828
6073009305,0.001216968
6037236203,0.00121676
6037553400,0.001214196
6059075004,0.001212908
6037226002,0.001212874
6037407301,0.001211226
6037554204,0.001208711
6037232300,0.00120131
6037603006,0.001200963
6073006200,0.001195506
6037237101,0.001194124
6037542800,0.001191481
6037205120,0.001188254
6037117520,0.00118697
6037231220,0.001185933
6037294610,0.001182492
6073008356,0.001182292
6037404302,0.001180229
6037535101,0.001172396
6037542104,0.001171212
6037241201,0.001169639
6073015703,0.001168906
6037481101,0.001168545
6073002712,0.001167814
6037650604,0.0011671
6037530802,0.001162906
6037404503,0.001161713
6073002902,0.001161129
6037540502,0.001160769
6037203600,0.001160358
6037481902,0.001160339
6037542103,0.001157253
6037212800,0.001155629
6037573201,0.001154284
6037216100,0.001150961
6037241110,0.001150686
6037570403,0.0011467
6037124105,0.001146295
6073011602,0.001145723
6037124204,0.001145628
6037124203,0.001145553
6073008510,0.001145448
6073008701,0.001141344
6037195710,0.001141214
6037603005,0.001139184
6037620522,0.001137809
6037554101,0.001131883
6037192001,0.001131097
6037554302,0.001131081
6037432201,0.001129027
6037603704,0.001128706
6037542601,0.001128199
6037242600,0.001124768
6073012303,0.001123456
6037603703,0.00112292
6037404701,0.001118545
6073015301,0.001117221
6037531000,0.001116703
6037127103,0.001112029
6037431600,0.001111161
6037600703,0.001109361
6073008364,0.001105475
6037650605,0.001104415
6037900806,0.001103275
6037602002,0.001103078
6037214902,0.001102776
6037543601,0.001101394
6037572500,0.001099044
6037600304,0.001096683
6037543701,0.001092774
6037272201,0.001091148
6037571704,0.001091089
6037408004,0.001087397
6037533806,0.001084849
6037402801,0.001083234
6037117408,0.001081124
6037219020,0.001080393
6037554301,0.001080146
6037481800,0.001079818
6037575103,0.001078219
6073009201,0.001077102
6073008507,0.001075782
6037201200,0.001072655
6037900606,0.001067774
6037535603,0.001065206
6073020028,0.001061103
6037480903,0.001058602
6037900607,0.001056147
6073002703,0.001055361
6037269602,0.001054207
6037294301,0.001054008
6037203200,0.001052214
6037700102,0.001049872
6037218900,0.001049489
6037218220,0.001046802
6037127520,0.001042709
6037191710,0.001042616
6037302003,0.001039628
6037134305,0.001038849
6073019501,0.001036729
6037208302,0.001036648
6037134521,0.001033397
6037572400,0.001032427
6037553504,0.001030349
6073013301,0.001030156
6037432202,0.001025768
6037194401,0.001024962
6037120030,0.001024874
6037232700,0.001020544
6073015801,0.001019986
6073008800,0.001018632
6037481401,0.00101645
6037201601,0.001015024
6037603801,0.001014804
6073019502,0.001014769
6037535300,0.00101414
6037604001,0.00101153
6037553602,0.001011403
6037239330,0.001010144
6037576301,0.001009677
6037481606,0.001007397
6037192410,0.001006174
6037534900,0.001003399
6073007502,0.001000321
6037207102,0.000999495
6037554513,0.000996576
6037237402,0.000996113
6037576901,0.000993894
6037119342,0.000993032
6037277200,0.00099198
6037604002,0.000991492
6037237401,0.000987836
6037530500,0.000987633
6037602404,0.000986306
6037209200,0.000986055
6073002002,0.00098595
6037434003,0.000984845
6037234502,0.00098425
6037620521,0.000982838
6073014806,0.000979814
6037231300,0.000978602
6037207502,0.000977492
6037221220,0.000976351
6037222002,0.00097619
6073013000,0.000975887
6073002905,0.000974555
6037219300,0.000972321
6037542501,0.000971733
6073009102,0.000971199
6037222500,0.000970723
6037222600,0.00096952
6037603802,0.00096837
6073008362,0.000966947
6073008513,0.000960919
6073011000,0.00095947
6073007903,0.000959226
6073011100,0.000958904
6037211701,0.000957932
6037405203,0.00095487
6037195802,0.000954343
6073012900,0.000953126
6037242100,0.000952801
6037530302,0.000952083
6037432102,0.000951378
6037197600,0.000948642
6037530203,0.000947918
6037575101,0.000945915
6037191500,0.00094392
6037535804,0.000941047
6073008509,0.000936282
6073016503,0.000929498
6037231400,0.000924043
6037404801,0.000923724
6037433601,0.000923621
6037232200,0.000923245
6037199900,0.0009202
6037117405,0.000919939
6037600303,0.000917186
6037900804,0.000914616
6073008901,0.000913209
6037211120,0.000911047
6073008341,0.000906613
6037575102,0.000905539
6037575202,0.000901982
6037535605,0.000899686
6037530602,0.00089656
6037293307,0.000895916
6037195803,0.000895508
6037218110,0.000893783
6037571703,0.000891399
6037601002,0.000889694
6037554103,0.00088301
6037481605,0.00088103
6037206200,0.000877049
6073012304,0.000876975
6037650003,0.000875541
6037216401,0.000875379
6073005000,0.000871556
6037554104,0.000870215
6037570204,0.000866648
6037237201,0.000866323
6037404703,0.00086571
6037531901,0.000864745
6073013102,0.000857577
6037234902,0.000855736
6037431800,0.000853904
6073002803,0.000851496
6037404902,0.000848969
6037535604,0.000846118
6037530601,0.000844154
6037433801,0.000840883
6073008343,0.000838634
6073003401,0.000838146
6073012700,0.000837856
6037534203,0.000837398
6037208610,0.00083568
6073009000,0.000835216
6037276603,0.000831736
6037236204,0.000828932
6037482702,0.000828729
6037573003,0.000828002
6037218701,0.000826034
6037407400,0.000823228
6037199201,0.000822141
6037481604,0.000821908
6037576904,0.00081705
6037482303,0.000814333
6037208402,0.000814195
6037204700,0.000812803
6037407101,0.000811912
6037535803,0.000810278
6037575801,0.000806641
6037554105,0.000805725
6037192700,0.000805082
6073010011,0.000804745
6037406902,0.000804534
6037195902,0.000804423
6037482201,0.000804393
6037221401,0.000802925
6073014102,0.000802669
6037222700,0.000798926
6073011601,0.000798764
6037221402,0.000796123
6037195804,0.000795978
6037433602,0.000795198
6037481102,0.000792323
6037213100,0.000790991
6037531902,0.000789393
6037532700,0.000788925
6073007501,0.000788253
6037571600,0.000787839
6037534002,0.000786931
6073006300,0.000781928
6037532900,0.000780943
6037553503,0.000778222
6073013802,0.000777148
6037404702,0.00076746
6037208620,0.000767306
6073013205,0.000767135
6073002711,0.000766995
6037530204,0.000758313
6037215101,0.000758039
6037573004,0.000756715
6073002702,0.00075158
6037531702,0.000751002
6037228800,0.000750111
6037432901,0.000748115
6037531302,0.000747076
6037207103,0.000744711
6037294510,0.000744444
6073002903,0.00074321
6073011902,0.00074226
6073012800,0.000738792
6037432601,0.000734702
6073008506,0.000734303
6037214400,0.000733587
6073001100,0.000731872
6037117407,0.000731558
6037405202,0.000731088
6037407001,0.000729636
6037481300,0.0007288
6073003201,0.00072873
6073003113,0.000727935
6037204920,0.000726813
6037576903,0.000726041
6037576403,0.000725408
6037576402,0.00072537
6037209300,0.000724669
6037221602,0.000723463
6037576401,0.000723318
6037482301,0.000722815
6037404903,0.000720326
6037209102,0.000719581
6037432602,0.000717941
6073012402,0.000717746
6073006900,0.000717386
6037222200,0.000717083
6037222100,0.000712426
6037531701,0.000710685
6037404802,0.000707982
6037531301,0.000706169
6037222001,0.00070581
6037212701,0.000702299
6037195901,0.000700021
6073010800,0.000699133
6037482401,0.000698704
6037601402,0.000698028
6073007702,0.000697934
6037432300,0.000697664
6037232110,0.000697573
6073014300,0.000697355
6037294520,0.00069642
6037531800,0.00068925
6037221302,0.000688417
6037534102,0.000688022
6073003212,0.000685804
6037207101,0.000685791
6037195720,0.000685001
6037480902,0.000684581
6037534001,0.000681918
6037541606,0.000681849
6037532500,0.000681456
6073013206,0.00068064
6073003112,0.000675811
6037576302,0.000673678
6073007701,0.00067027
6073003202,0.00066826
6037214901,0.000664317
6037218120,0.000662179
6073004200,0.00066201
6073015901,0.000661277
6037530902,0.000660735
6037533901,0.000658546
6037240010,0.000658123
6073003111,0.000657704
6037533902,0.000657515
6037219010,0.000656203
6037601600,0.000650637
6037530301,0.000650222
6037237500,0.000649428
6037540400,0.000648494
6037533703,0.000646845
6037602403,0.000643803
6037201503,0.000641863
6037238320,0.000639649
6037432101,0.000638137
6037208801,0.000638004
6073013303,0.000637795
6037213402,0.000637625
6073013302,0.000637055
6037535102,0.000633173
6073002705,0.000631957
6073005300,0.000631577
6073014500,0.000631411
6037406901,0.000628549
6037239802,0.000626399
6037234901,0.000621736
6037204810,0.000620228
6073003004,0.000618204
6073003208,0.000617741
6037191610,0.000617388
6037208502,0.000614613
6037203800,0.000614494
6073009107,0.000613654
6037481713,0.000611507
6037192610,0.000610981
6037218800,0.000609588
6037482503,0.000606838
6037481603,0.000605518
6037481712,0.000605187
6073007400,0.000601301
6037229420,0.000600992
6073008361,0.000600835
6037237710,0.000600032
6037431900,0.000598908
6037573002,0.000597941
6073012102,0.000597784
6037575402,0.000596842
6037481714,0.000596592
6037191820,0.000595604
6037191810,0.000594719
6037575802,0.000593423
6037602103,0.000592928
6037534301,0.000592414
6037120107,0.000592066
6037120106,0.000588985
6037601212,0.00058775
6037532603,0.000587335
6073001800,0.000586892
6037224020,0.000586541
6037203710,0.000584175
6037602106,0.000581468
6037207301,0.000581349
6037218702,0.000577571
6037208501,0.00057472
6037431501,0.000573053
6037532800,0.000572644
6073011700,0.000570509
6037210010,0.000568923
6073007002,0.000568868
6037221500,0.000566524
6037602506,0.000566523
6037215102,0.000564969
6037602507,0.000564701
6037195903,0.000562902
6037531101,0.000562889
6073013307,0.000562774
6037602504,0.000561554
6037211420,0.000560649
6037531504,0.000559272
6037229410,0.000557467
6037203720,0.000555748
6037214502,0.000555667
6073007302,0.000555587
6037601700,0.000554662
6037119340,0.000554392
6037238310,0.000551786
6037294820,0.00055156
6037221601,0.000550387
6037209520,0.000549297
6073000500,0.00054749
6037533603,0.000547451
6037602505,0.000546364
6037239310,0.00054417
6037208401,0.000542824
6037534201,0.000542401
6073000100,0.000540197
6037212900,0.000539195
6037201504,0.00053904
6073003404,0.000538959
6037221210,0.000537364
6037211122,0.000537267
6073003114,0.000537159
6073007907,0.000534676
6037482202,0.000533818
6037228900,0.000530905
6073005200,0.000530718
6037533803,0.000528757
6037239502,0.000528024
6037237600,0.000527463
6037232120,0.000527272
6037482502,0.000527084
6037434001,0.000526622
6037212610,0.000524512
6073003800,0.000523531
6037120103,0.000520218
6037221900,0.000520171
6037433101,0.000518884
6073020213,0.000518556
6037535701,0.000518082
6037534202,0.000517876
6037204300,0.000516008
6037482304,0.000512997
6037229300,0.000511862
6037602104,0.000511546
6037209401,0.000510673
6073007908,0.000508653
6073002502,0.00050732
6037231900,0.00050648
6073012501,0.000504376
6037192510,0.000502528
6037540201,0.000501833
6037208802,0.000501
6037531602,0.000500434
6037533002,0.000499796
6037213202,0.000497673
6037226001,0.000497663
6037533001,0.000497031
6073003109,0.000495669
6073012003,0.000491512
6037239702,0.000491193
6037213201,0.000490668
6037535002,0.000489647
6037216402,0.000488978
6037432401,0.000488572
6037229100,0.000487947
6037531603,0.000487526
6037531502,0.000487156
6037214503,0.000485837
6037228100,0.000485327
6037239501,0.000485201
6037204110,0.000483867
6037237102,0.000481931
6037231710,0.000481737
6073013203,0.000480322
6037211802,0.000478778
6037533602,0.000478174
6037192420,0.00047766
6073003101,0.000476978
6037231210,0.000476269
6037432700,0.000474168
6037432402,0.000472292
6073003305,0.00046752
6037601202,0.000465856
6037239201,0.000465692
6037213320,0.000462237
6037535001,0.000462074
6037204600,0.000461898
6037191410,0.000461825
6037294810,0.000461743
6037213310,0.000457535
6037229200,0.000456105
6037535503,0.000455965
6073000202,0.000455645
6037534501,0.00045539
6037601100,0.000455132
6037531201,0.000454675
6037221810,0.000452925
6037192520,0.000452151
6037602105,0.000451307
6037433200,0.000450728
6037277400,0.000450294
6037237720,0.00044933
6037534101,0.000444482
6037232800,0.000443312
6073003301,0.000442983
6073012101,0.000441029
6037208902,0.000435211
6073004100,0.000434729
6037239601,0.000433944
6037207900,0.00043358
6037433501,0.000432609
6037209510,0.000431597
6037239701,0.000430384
6037204410,0.000429171
6037207302,0.000428338
6037212620,0.000425411
6073001000,0.000423032
6073013104,0.000420977
6037212502,0.000419559
6037231100,0.000418373
6073000400,0.000413074
6037221120,0.000412786
6037204910,0.000411207
6037534803,0.000411044
6037433302,0.000410088
6037531604,0.000409698
6037531102,0.000404593
6073006802,0.000401213
6037221710,0.000399364
6037211410,0.000398512
6037208710,0.000397441
6037603004,0.000396299
6037224010,0.000394822
6073003403,0.000392318
6037530901,0.000389621
6073003211,0.000389428
6037191720,0.000388946
6073002100,0.000388631
6037534502,0.000387543
6037208720,0.000385523
6037533804,0.000385164
6037481711,0.00038038
6037239801,0.000380052
6037211121,0.000376987
6037208903,0.000376854
6037226700,0.000373018
6037534700,0.000371105
6037533805,0.000370083
6037533601,0.000367996
6073004700,0.000367896
6037575803,0.000367483
6037239602,0.000367089
6037534405,0.000364961
6037228710,0.000361355
6037212204,0.00036128
6037228720,0.000359365
6037203900,0.000359296
6037192620,0.000358321
6037535606,0.000357363
6037239320,0.00035671
6073002710,0.000355715
6037532605,0.000352913
6037209810,0.000350913
6073006000,0.000349959
6037221303,0.000349696
6037531202,0.000347769
6037601502,0.000347309
6037404803,0.000346873
6073003501,0.000345672
6037601801,0.000345059
6037534406,0.000344417
6073013204,0.000344395
6073002708,0.000344357
6037601802,0.000343874
6073003902,0.000343533
6037224600,0.000341028
6037191420,0.000339942
6037534302,0.00033907
6037204420,0.000337726
6073022000,0.000337451
6037221304,0.000337281
6037430724,0.000336949
6037601501,0.000335288
6037535501,0.00033524
6037191620,0.000334255
6073002501,0.000331485
6037212202,0.000331131
6073004900,0.000327473
6037209403,0.000326967
6037533402,0.000326404
6037533401,0.000325649
6073000600,0.000324468
6037209402,0.00032236
6037535502,0.000318462
6037213401,0.000315338
6037207501,0.000315136
6073000300,0.000314019
6073006100,0.000312442
6037533403,0.000309118
6037221110,0.000304292
6037212304,0.000303255
6037228600,0.000302799
6037224700,0.000302455
6073000201,0.000295331
6037209103,0.000294023
6037206300,0.000293976
6037231720,0.000287538
6073004600,0.000287045
6037433306,0.000286546
6037433307,0.000286473
6037433305,0.000285014
6073005800,0.000282893
6037533501,0.000282812
6073008363,0.000280063
6037430723,0.000278275
6037227010,0.000274738
6037211320,0.000273956
6037432902,0.000273715
6037211804,0.000273609
6037212101,0.000273381
6037211704,0.000272116
6037211703,0.000271577
6037534802,0.000271544
6073000700,0.000270867
6073004300,0.000270809
6037228500,0.000270028
6073012302,0.000269774
6037533701,0.000269427
6037208904,0.000269063
6037533103,0.000266784
6073006801,0.000266419
6037533203,0.000264016
6037209820,0.000263629
6037228310,0.000263481
6037211202,0.000263424
6037534404,0.000262925
6073011802,0.000261585
6073003601,0.00025904
6037204820,0.000256857
6073012002,0.000253253
6037204200,0.000252523
6073004000,0.000252302
6073004400,0.000252099
6037533201,0.000249804
6037231800,0.000247462
6037534804,0.000241271
6037212306,0.000238234
6037533300,0.000235365
6037208301,0.000232788
6037433504,0.000232069
6037212410,0.000230634
6037221820,0.000230527
6037533104,0.000229803
6037212303,0.000229006
6037533107,0.000228768
6073003502,0.000227419
6073001700,0.000223121
6073002601,0.000221728
6037205110,0.000220518
6073001200,0.000220313
6037533702,0.000218885
6037533202,0.000216347
6037224410,0.000213623
6037211310,0.00021186
6037204120,0.000211278
6073001500,0.000210676
6037212420,0.000210267
6073001300,0.000210228
6037534403,0.000209253
6073003304,0.000208407
6037433304,0.000206226
6037211201,0.000205302
6037211803,0.000205285
6037212102,0.00020402
6073006600,0.000203978
6037227020,0.000203838
6037226420,0.000203053
6037211910,0.000202991
6037533106,0.000202114
6073002602,0.000201274
6073003603,0.000201028
6037433503,0.000200639
6073000800,0.000200363
6037432801,0.000199843
6037228210,0.000199151
6073001400,0.000198772
6073000900,0.00019777
6073003602,0.000191451
6073011801,0.000190509
6073003901,0.000188056
6037532606,0.000187473
6037433901,0.000187309
6073002709,0.000186517
6037433902,0.000185428
6073001600,0.000183366
6073003303,0.000182367
6037224200,0.000179537
6037433403,0.000177269
6073004800,0.000174574
6037228220,0.000173802
6073002401,0.00017331
6037532604,0.000171995
6037224420,0.000170447
6037433102,0.000167456
6037209104,0.00016172
6037212305,0.000159766
6037533502,0.000157423
6037212203,0.00015598
6037228320,0.000155931
6037432802,0.000150592
6073005500,0.00014769
6037433402,0.000146472
6073005900,0.000145666
6073002302,0.000140489
6037224320,0.00013846
6037211922,0.000136661
6037211921,0.000136344
6073002402,0.000134332
6037226410,0.000133451
6037228410,0.000132156
6037228420,0.000131923
6073002202,0.000129251
6037533105,0.000128251
6037433401,0.000125954
6037533503,0.00011881
6037212501,0.000117057
6073002301,0.000112203
6073002707,0.000107064
6073002201,9.41E-05
6073005700,9.31E-05
6073004501,8.91E-05
6037224310,8.10E-05
